trial,value,best_val_loss,best_val_r2,epochs_trained,param_attention_heads,param_hidden_dim_1_base,param_hidden_dim_2_base,param_hidden_dim_3_base,param_coord_embed_base,param_dropout_rate,param_colonization_threshold,param_colonization_expert_weight,param_colonization_weight,param_jump_threshold,param_jump_expert_weight,param_jump_weight,param_decline_threshold,param_decline_expert_weight,param_decline_weight,param_pde_expert_weight,param_pde_weight,param_learning_rate,param_weight_decay
0,817.9473855352869,817.9473855352869,0.7177520556887785,38,3,31,13,6,3,0.16239780813448107,0.05871254182522992,0.846470458309974,6.41003510568888,156.21088666940682,0.508233797718321,9.72918866945795,86.59541126403374,0.5849356442713105,2.636424704863906,0.47336180394137356,3.7381801866358395,0.00011207606211860574,1.9762189340280077e-06
1,688.6920017145668,688.6920017145668,0.7623540276734206,48,3,31,13,6,3,0.16239780813448107,0.05871254182522992,0.846470458309974,6.41003510568888,156.21088666940682,0.508233797718321,9.72918866945795,86.59541126403374,0.5849356442713105,2.636424704863906,0.47336180394137356,3.7381801866358395,0.00011207606211860574,1.9762189340280077e-06
2,738.0690988522178,738.0690988522178,0.745315542790879,50,3,31,13,6,3,0.16239780813448107,0.05871254182522992,0.846470458309974,6.41003510568888,156.21088666940682,0.508233797718321,9.72918866945795,86.59541126403374,0.5849356442713105,2.636424704863906,0.47336180394137356,3.7381801866358395,0.00011207606211860574,1.9762189340280077e-06
3,684.3436200075037,684.3436200075037,0.7638545175821889,65,3,31,13,6,3,0.16239780813448107,0.05871254182522992,0.846470458309974,6.41003510568888,156.21088666940682,0.508233797718321,9.72918866945795,86.59541126403374,0.5849356442713105,2.636424704863906,0.47336180394137356,3.7381801866358395,0.00011207606211860574,1.9762189340280077e-06
4,658.6047490431798,658.6047490431798,0.772736193282904,76,3,31,13,6,3,0.16239780813448107,0.05871254182522992,0.846470458309974,6.41003510568888,156.21088666940682,0.508233797718321,9.72918866945795,86.59541126403374,0.5849356442713105,2.636424704863906,0.47336180394137356,3.7381801866358395,0.00011207606211860574,1.9762189340280077e-06
5,640.2723741704638,640.2723741704638,0.779062119881203,69,3,31,13,6,3,0.16239780813448107,0.05871254182522992,0.846470458309974,6.41003510568888,156.21088666940682,0.508233797718321,9.72918866945795,86.59541126403374,0.5849356442713105,2.636424704863906,0.47336180394137356,3.7381801866358395,0.00011207606211860574,1.9762189340280077e-06
6,837.9789630890347,837.9789630890347,0.7108397876311503,22,3,31,13,6,3,0.16239780813448107,0.05871254182522992,0.846470458309974,6.41003510568888,156.21088666940682,0.508233797718321,9.72918866945795,86.59541126403374,0.5849356442713105,2.636424704863906,0.47336180394137356,3.7381801866358395,0.00011207606211860574,1.9762189340280077e-06
7,972.5662132361808,972.5662132361808,0.6643979560949171,11,3,31,13,6,3,0.16239780813448107,0.05871254182522992,0.846470458309974,6.41003510568888,156.21088666940682,0.508233797718321,9.72918866945795,86.59541126403374,0.5849356442713105,2.636424704863906,0.47336180394137356,3.7381801866358395,0.00011207606211860574,1.9762189340280077e-06
8,639.3196760596434,639.3196760596434,0.7793908660671844,46,3,31,13,6,3,0.16239780813448107,0.05871254182522992,0.846470458309974,6.41003510568888,156.21088666940682,0.508233797718321,9.72918866945795,86.59541126403374,0.5849356442713105,2.636424704863906,0.47336180394137356,3.7381801866358395,0.00011207606211860574,1.9762189340280077e-06
9,909.4847566729592,909.4847566729592,0.6861653848488767,12,3,31,13,6,3,0.16239780813448107,0.05871254182522992,0.846470458309974,6.41003510568888,156.21088666940682,0.508233797718321,9.72918866945795,86.59541126403374,0.5849356442713105,2.636424704863906,0.47336180394137356,3.7381801866358395,0.00011207606211860574,1.9762189340280077e-06
10,718.1344259738605,718.1344259738605,0.7521943720896007,36,5,8,6,3,7,0.4630659181130071,0.193965611891813,0.5296480713060737,9.522656887511342,84.72528082300295,0.878204789548042,2.2703898624335253,37.65404112669709,0.8124897805145396,8.212185656078328,0.7144299083451704,7.943328122319691,0.0004993637883601218,2.214396068504149e-07
11,1216.9435536889202,1216.9435536889202,0.5800710138015689,11,5,22,16,8,5,0.2753991977825756,0.10232639337607534,0.7375386315314675,2.9492362457018393,198.8740092569891,0.6358350704309181,7.259174438107952,64.3373971841306,0.6971457481268195,5.2544260599215376,0.5855975253875391,1.1807419121509417,2.5508754249827804e-05,1.6486581733805815e-05
12,681.9813080717706,681.9813080717706,0.7646696772116145,53,2,25,9,4,5,0.2753991977825756,0.09865901148564998,0.7375386315314675,4.013156586009125,109.2620316434298,0.6175209522347848,7.259174438107952,66.27547611551614,0.6971457481268195,5.083062055825858,0.5855975253875391,6.15961879886106,0.0003429667321326434,2.967773209962217e-07
13,1129.5924815641235,1129.5924815641235,0.6102131243781195,11,6,25,10,8,6,0.2390651593963909,0.09303897372420696,0.6444185093738942,8.93053359792161,194.05750117413066,0.6123043816958816,7.496592619232377,46.75307018566624,0.5235512908529711,1.3026934434163842,0.4088140052901209,1.1807419121509417,4.038549892854383e-05,1.2002089712213867e-05
14,1374.957783831682,1374.957783831682,0.5255452675024621,11,2,14,16,4,2,0.3760988294276581,0.13209017466799233,0.7617905521683779,8.05266659034115,128.9888083091715,0.7873521528567009,4.204821010014943,70.2996707023857,0.6673936252831768,6.960307803166783,0.6586502480449148,6.11551811076909,4.490942793485993e-05,5.01977652774865e-07
15,657.1581637768618,657.1581637768618,0.7732353644092008,51,4,26,10,2,5,0.22764353500698464,0.13209017466799233,0.656981156841053,4.013156586009125,51.976509869501044,0.685907353219685,7.981465341598607,96.48069520007276,0.8118806691729988,4.114726751921404,0.5486198003438324,2.0782176795602387,0.0002292936637507634,4.5594072390214954e-05
16,557.7135075724575,557.7135075724575,0.8075505908929443,43,4,16,4,7,4,0.11549007998447319,0.08219598949868935,0.7857607271277411,7.911104799977132,128.9888083091715,0.5681139558702257,6.0267225770136115,75.54437608969272,0.5235512908529711,1.3026934434163842,0.4088140052901209,5.172326697890094,0.0009509819438528873,6.323728543271069e-07
17,602.9025954918274,602.9025954918274,0.7919572564119077,47,4,16,4,7,4,0.11549007998447319,0.08224451145521498,0.8922566863986378,8.05266659034115,128.9888083091715,0.5681139558702257,5.37750103723499,74.51920072918698,0.5131173586671901,1.1625834628049156,0.40450752350901525,9.391433792708199,0.0009917758212327403,6.323728543271069e-07
18,574.3813094817652,574.3813094817652,0.8017990561264263,33,4,16,4,8,4,0.11328900235266169,0.082252429689637,0.7815048721016461,8.05266659034115,125.63324326137601,0.5758578258791848,4.959542840754541,54.77038115575688,0.5120670556652918,1.154687286714901,0.4043549686266507,9.918309666948264,0.0009954744490568471,1.0865789624718587e-07
19,616.0435143973131,616.0435143973131,0.7874227381616824,34,5,15,4,8,6,0.3760988294276581,0.11743794140100955,0.7801144793213364,8.05266659034115,106.9406365130335,0.7138532183314326,4.204821010014943,55.02991884822071,0.8734624039041587,9.584276128818496,0.7742247504325699,7.604698094384849,0.0009954860798357566,1.0626801628778867e-07
20,567.4631829497839,567.4631829497839,0.8041862842375093,38,4,11,6,7,4,0.11549007998447319,0.14913706000141147,0.6879082321389851,9.6661726913478,84.72528082300295,0.5681139558702257,6.0267225770136115,55.02991884822071,0.6492219081312312,4.037677979482558,0.5273145000499233,9.918469652106323,0.0006052902610668482,1.0626801628778867e-07
21,566.1658849647308,566.1658849647308,0.8046339410133796,40,4,11,6,7,4,0.11096367325753277,0.15553039965114757,0.6711120731528121,9.7532695089479,75.83775252290734,0.5687183938480146,6.0267225770136115,55.401590307345366,0.6456093984716176,4.082643943639809,0.5319541421746606,9.964543974942778,0.0005875920584736576,1.0487225841430677e-07
22,591.6341173464825,591.6341173464825,0.7958456541845322,44,4,11,6,7,4,0.11096367325753277,0.15674368020041216,0.6656323961620945,9.762502584862888,59.25793601035767,0.5680056997187877,6.232680777709965,42.86834467560792,0.6424952652550133,4.082643943639809,0.5273145000499233,8.546450996542411,0.0005637366202556486,6.541541453073624e-07
23,808.9947690023768,808.9947690023768,0.7208413223791621,16,5,12,6,7,4,0.2202259292197384,0.15827026735179095,0.6038994444722598,8.93053359792161,76.9941849399165,0.6680823878287953,6.232680777709965,56.98756691373163,0.7479287954068051,4.082643943639809,0.6395797456892097,4.967973931111567,0.00021900825953623986,2.536551505273766e-07
24,656.653637926279,656.653637926279,0.7734094604289413,27,4,8,7,7,5,0.20772426467602428,0.15674368020041216,0.7014451678493423,8.93053359792161,84.72528082300295,0.7243013620843857,6.232680777709965,49.824005897612366,0.6424952652550133,6.934540005042189,0.5273145000499233,7.1762944864728135,0.0005637366202556486,1.701046642844934e-07
25,524.7578443910372,524.7578443910372,0.8189225548491366,52,6,18,7,5,2,0.3353262051364367,0.17014667404757933,0.6038994444722598,9.762502584862888,106.9406365130335,0.5680056997187877,2.6655567447823585,34.661205286371036,0.7479287954068051,5.854631221378225,0.545238217259996,8.982475473133988,0.0003429667321326434,4.833881100406519e-07
26,628.6343847208719,628.6343847208719,0.7830780243955421,43,6,18,7,5,2,0.3489340151780574,0.17930784675752362,0.5733967028866028,8.61556962988984,106.9406365130335,0.5979692245516318,1.1712315497502326,28.32194029279087,0.7523754916367584,6.2020233517783545,0.6226609600737365,8.789375795240273,0.0003429667321326434,8.78623688597606e-07
27,843.7820875350267,843.7820875350267,0.7088373117085803,12,6,20,5,5,8,0.4439836389304148,0.1742715974888694,0.61231475533153,7.153875157080701,70.4114246334323,0.6503152663213415,3.1123559915860177,28.32194029279087,0.7523754916367584,6.2020233517783545,0.686841641720509,4.967973931111567,0.0002144933710100907,3.551637544516534e-07
28,656.2463694147351,656.2463694147351,0.7735499959966304,32,5,18,9,5,2,0.34188299349949985,0.1742715974888694,0.5242246107908175,5.451798712798487,114.8706950451406,0.7648264734247756,4.204821010014943,34.54959802805807,0.543540305362842,8.054895323185818,0.55711479969281,6.817888679876604,0.0003429667321326434,8.78623688597606e-07
29,580.6791110965092,580.6791110965092,0.7996258826547877,40,5,21,7,4,6,0.4208799472720689,0.1963488135397577,0.5725344534615998,9.76345144247842,93.77028648373451,0.5370535309747473,3.1123559915860177,79.11578544101438,0.8061861550296402,3.5933511809792753,0.5136725606376112,8.952676650608726,0.0006424106965053611,3.970839541258368e-06
30,654.7284987208794,654.7284987208794,0.7740737654843104,29,5,21,7,4,6,0.4208799472720689,0.1963488135397577,0.5725344534615998,9.76345144247842,93.77028648373451,0.5370535309747473,3.1123559915860177,79.11578544101438,0.8061861550296402,3.5933511809792753,0.5136725606376112,8.952676650608726,0.0006424106965053611,3.970839541258368e-06
31,620.9271088418512,620.9271088418512,0.785737563152634,40,4,11,5,7,4,0.13601375391284423,0.14539477334883194,0.706003225714601,7.314507993898385,138.67750935258073,0.597946745298249,5.627974389736456,62.31599573216861,0.624238248910688,4.817184709750501,0.5649429156561611,9.970961187974432,0.00043828039209831723,1.6373992989779432e-07
32,705.0799200693563,705.0799200693563,0.7566990719281286,17,4,13,8,7,4,0.19352840994997123,0.14539477334883194,0.6795354580170943,9.162143183163682,99.35748434116883,0.5634563146026245,6.775514393971983,49.15308157708293,0.7356355993263816,5.743792457737291,0.42636816364811353,9.487241913573797,0.000676460614415771,4.475505882306331e-07
33,920.8512829925872,920.8512829925872,0.6822431537318046,11,4,10,5,5,2,0.30707181683745116,0.16537347204323313,0.6301439991885139,7.314507993898385,138.67750935258073,0.6370551136536963,4.829648120384422,40.00333674151269,0.6679632489872704,3.3604424093201826,0.6101814872819495,8.383415653525022,0.00017110337328917396,1.4986757855086047e-07
34,549.8453017924155,549.8453017924155,0.8102656615027504,45,4,18,8,8,5,0.13601375391284423,0.14539477334883194,0.6795354580170943,8.4178263319852,74.7253525130201,0.597946745298249,8.828098767694765,69.51952951448281,0.5538237027877302,1.6103824098635875,0.4960266332554615,4.579907743289364,0.00043828039209831723,8.710721316354404e-07
35,571.1401779449676,571.1401779449676,0.8029174687892466,43,6,18,8,8,5,0.13601375391284423,0.12509390780748292,0.7114268626026802,8.482144298753457,67.91486563169232,0.5454660079876886,8.828098767694765,70.69857207829556,0.5538237027877302,1.9168478036759773,0.44023507795388883,4.881995236259547,0.0004304625750684979,1.2458283422378434e-06
36,849.8607255706617,849.8607255706617,0.7067397647023665,11,4,17,8,8,5,0.13601375391284423,0.11278983561485452,0.6024397032470978,1.8734739437224346,172.76615476845546,0.5948805544258147,8.211508292195713,79.16407722909655,0.5538237027877302,1.9168478036759773,0.44023507795388883,3.0865025204944243,0.0002711165826489665,1.2458283422378434e-06
37,883.2526649250506,883.2526649250506,0.6952172555458962,11,5,14,5,8,8,0.3137626891308885,0.1399352652946551,0.6301439991885139,9.29580561276194,114.8706950451406,0.5454660079876886,8.964774613874072,69.4482360570989,0.6168953862007945,1.9168478036759773,0.5022469639181167,5.362735001538134,0.00016711840653238402,3.573601302486262e-07
38,630.5856362462281,630.5856362462281,0.7824047087989582,29,3,22,9,3,5,0.18053346647493032,0.16776419812525203,0.7472242258275974,7.546938907579479,67.91486563169232,0.6626072220325745,1.1712315497502326,74.48678991492514,0.7226267909823336,4.592295243542054,0.4960266332554615,4.311384767224739,0.0007172237618518584,1.2458283422378434e-06
39,737.6248741052326,737.6248741052326,0.7454688307943202,15,4,16,8,5,6,0.24397252712781237,0.17992455218123102,0.7848864483764558,8.482144298753457,50.9550713225639,0.6123043816958816,2.2703898624335253,31.77607768132835,0.6168953862007945,1.634113095190201,0.4464938399310475,6.4646584662990305,0.0004304625750684979,4.917685727209855e-07
40,808.0098783073132,808.0098783073132,0.7211811772145328,12,3,20,4,7,3,0.13601375391284423,0.07593148724399308,0.8837257165119627,5.928024169633634,146.55691049357353,0.529659765203099,8.964774613874072,25.618712618415096,0.5538237027877302,3.3604424093201826,0.5769289250865582,3.0865025204944243,0.0003001686124225591,3.814759903827199e-06
41,540.2754811979952,540.2754811979952,0.8135679059233187,41,4,10,6,7,4,0.1083379526801507,0.1478849060317948,0.6795354580170943,9.900624094608554,80.02396366661029,0.5887365201871088,5.673893761232556,59.51990072368939,0.7757109734851662,6.117184157646198,0.5381876009103461,9.49690218735932,0.0008455297900894536,2.1574694104944966e-07
42,653.2724842255269,653.2724842255269,0.7745761903412975,28,4,9,6,6,4,0.1083379526801507,0.13737163099979977,0.6795354580170943,9.915406054950795,60.6144284187234,0.5914500516306124,6.68146837011818,59.51990072368939,0.7798901325468364,7.240503922256434,0.5449512778983054,9.34950312342166,0.0008738307062354418,2.2735105813862987e-07
43,575.8755287305826,575.8755287305826,0.8012834480093431,43,4,13,5,7,3,0.1440139601250706,0.15129148344605436,0.656981156841053,9.242551172111648,93.80171321269164,0.623754295768669,4.6650256298244726,65.86889008761815,0.7798901325468364,6.023634835031883,0.4960266332554615,4.231436961721122,0.0007172237618518584,1.7713913500882883e-07
44,541.8559380437875,541.8559380437875,0.8130225399209497,77,3,19,7,6,4,0.18980575629596472,0.16683119022733597,0.711339197284839,8.61556962988984,86.16246713414537,0.8870145737504872,5.47126338834952,59.51990072368939,0.8438580414675328,7.742057054511653,0.5426720563076156,7.845433108354158,0.0004749667900748962,8.413369841341188e-07
45,564.52169004897,564.52169004897,0.805201301021159,43,2,19,11,6,3,0.18277546405853726,0.1843105838472167,0.7973263162799132,6.9535191147096915,100.43957336189368,0.8870145737504872,5.336416046494745,74.876010978735,0.8686391163547384,7.8604658659774085,0.604683975447315,7.860703135001416,0.0007693500645728701,2.8882596486480604e-06
46,707.3760002742732,707.3760002742732,0.7559067667881256,17,3,23,11,6,5,0.14956262197632242,0.1676811326720502,0.7375378947784375,7.70194809505662,79.18151540676458,0.8613771103979635,2.2703898624335253,60.125711732338615,0.8313162311166986,8.814495164538439,0.5641648121568286,5.854906282181436,0.00044232033016191333,6.303642326970062e-07
47,866.5014381203276,866.5014381203276,0.7009975776227617,11,2,19,7,6,3,0.1803532585693799,0.1611697747568982,0.7090013930886276,8.600493579307944,88.81768268944221,0.8338074304780808,6.779387916544724,23.140728458726553,0.8313162311166986,7.466895531272388,0.4624709366371979,8.273334932559605,0.0001525342151796965,3.418896916646637e-07
48,771.3588604025084,771.3588604025084,0.7338282919843601,12,3,23,8,8,2,0.3368075375944588,0.1251473169464755,0.6356987247234038,6.795408466721011,101.13680257030963,0.7445258310689761,8.224959839215389,83.86173648317146,0.7851399219311697,6.431443467933896,0.5837605876475837,7.089895344072876,0.0003746177799311493,1.4269069245259676e-06
49,615.0678174644305,615.0678174644305,0.7877594205185758,31,3,27,10,6,4,0.19767983759023144,0.11278983561485452,0.7973263162799132,8.371797681740434,72.31784655517849,0.8279731604178686,7.398545623487764,62.71617357598931,0.7100069064702221,5.567454064515632,0.4960266332554615,4.603136980897344,0.0005124321391477653,2.8882596486480604e-06
